{"includedArchiveIdentifiers":["com.fizzup.FZWorkoutKit"],"interfaceLanguages":{"swift":[{"children":[{"title":"Classes","type":"groupMarker"},{"path":"\/documentation\/fzworkoutkit\/audiosettingscontroller","title":"AudioSettingsController","type":"class"},{"children":[{"title":"WorkoutKitInterface implementations","type":"groupMarker"},{"path":"\/documentation\/fzworkoutkit\/gomodecontroller\/displaypostworkout()","title":"func displayPostWorkout() -> AnyPublisher<Void, Never>","type":"method"},{"path":"\/documentation\/fzworkoutkit\/gomodecontroller\/quitworkout()","title":"func quitWorkout()","type":"method"},{"path":"\/documentation\/fzworkoutkit\/gomodecontroller\/savesession(state:)","title":"func saveSession(state: SaveWorkoutState)","type":"method"},{"title":"WorkoutKitLogInterface implementations","type":"groupMarker"},{"path":"\/documentation\/fzworkoutkit\/gomodecontroller\/log(_:context:)","title":"func log(String, context: [String : AnyHashable]?)","type":"method"},{"path":"\/documentation\/fzworkoutkit\/gomodecontroller\/trackevent(_:properties:)","title":"func trackEvent(Tracking.Event, properties: [Tracking.Property : String]?)","type":"method"},{"title":"Initializers","type":"groupMarker"},{"path":"\/documentation\/fzworkoutkit\/gomodecontroller\/init(data:token:configuration:)","title":"init(data: Data, token: String, configuration: [String : Any]) async throws","type":"init"},{"title":"Instance Methods","type":"groupMarker"},{"path":"\/documentation\/fzworkoutkit\/gomodecontroller\/shoulddisplayclosebutton()","title":"func shouldDisplayCloseButton() -> Bool","type":"method"},{"title":"Default Implementations","type":"groupMarker"},{"children":[{"title":"Instance Methods","type":"groupMarker"},{"path":"\/documentation\/fzworkoutkit\/gomodecontroller\/collectionview(_:cellforitemat:)","title":"func collectionView(UICollectionView, cellForItemAt: IndexPath) -> UICollectionViewCell","type":"method"},{"path":"\/documentation\/fzworkoutkit\/gomodecontroller\/collectionview(_:numberofitemsinsection:)","title":"func collectionView(UICollectionView, numberOfItemsInSection: Int) -> Int","type":"method"}],"path":"\/documentation\/fzworkoutkit\/gomodecontroller\/uicollectionviewdatasource-implementations","title":"UICollectionViewDataSource Implementations","type":"symbol"},{"children":[{"title":"Instance Methods","type":"groupMarker"},{"path":"\/documentation\/fzworkoutkit\/gomodecontroller\/collectionview(_:didenddisplaying:foritemat:)","title":"func collectionView(UICollectionView, didEndDisplaying: UICollectionViewCell, forItemAt: IndexPath)","type":"method"},{"path":"\/documentation\/fzworkoutkit\/gomodecontroller\/collectionview(_:willdisplay:foritemat:)","title":"func collectionView(UICollectionView, willDisplay: UICollectionViewCell, forItemAt: IndexPath)","type":"method"}],"path":"\/documentation\/fzworkoutkit\/gomodecontroller\/uicollectionviewdelegate-implementations","title":"UICollectionViewDelegate Implementations","type":"symbol"},{"children":[{"title":"Instance Methods","type":"groupMarker"},{"path":"\/documentation\/fzworkoutkit\/gomodecontroller\/scrollviewdidenddecelerating(_:)","title":"func scrollViewDidEndDecelerating(UIScrollView)","type":"method"},{"path":"\/documentation\/fzworkoutkit\/gomodecontroller\/scrollviewdidendscrollinganimation(_:)","title":"func scrollViewDidEndScrollingAnimation(UIScrollView)","type":"method"},{"path":"\/documentation\/fzworkoutkit\/gomodecontroller\/scrollviewdidscroll(_:)","title":"func scrollViewDidScroll(UIScrollView)","type":"method"}],"path":"\/documentation\/fzworkoutkit\/gomodecontroller\/uiscrollviewdelegate-implementations","title":"UIScrollViewDelegate Implementations","type":"symbol"}],"path":"\/documentation\/fzworkoutkit\/gomodecontroller","title":"GoModeController","type":"class"},{"children":[{"title":"WorkoutKitInterface implementations","type":"groupMarker"},{"path":"\/documentation\/fzworkoutkit\/govideocontroller\/displaypostworkout()","title":"func displayPostWorkout() -> AnyPublisher<Void, Never>","type":"method"},{"path":"\/documentation\/fzworkoutkit\/govideocontroller\/quitworkout()","title":"func quitWorkout()","type":"method"},{"path":"\/documentation\/fzworkoutkit\/govideocontroller\/savesession(state:)","title":"func saveSession(state: SaveWorkoutState)","type":"method"},{"title":"WorkoutKitLogInterface implementations","type":"groupMarker"},{"path":"\/documentation\/fzworkoutkit\/govideocontroller\/log(_:context:)","title":"func log(String, context: [String : AnyHashable]?)","type":"method"},{"path":"\/documentation\/fzworkoutkit\/govideocontroller\/trackevent(_:properties:)","title":"func trackEvent(Tracking.Event, properties: [Tracking.Property : String]?)","type":"method"},{"title":"Initializers","type":"groupMarker"},{"path":"\/documentation\/fzworkoutkit\/govideocontroller\/init(data:token:configuration:)","title":"init(data: Data, token: String, configuration: [String : Any]) async throws","type":"init"},{"title":"Default Implementations","type":"groupMarker"},{"children":[{"title":"Instance Methods","type":"groupMarker"},{"path":"\/documentation\/fzworkoutkit\/govideocontroller\/pictureinpicturecontrollerwillstoppictureinpicture(_:)","title":"func pictureInPictureControllerWillStopPictureInPicture(AVPictureInPictureController)","type":"method"}],"path":"\/documentation\/fzworkoutkit\/govideocontroller\/avpictureinpicturecontrollerdelegate-implementations","title":"AVPictureInPictureControllerDelegate Implementations","type":"symbol"}],"path":"\/documentation\/fzworkoutkit\/govideocontroller","title":"GoVideoController","type":"class"},{"children":[{"title":"Getting Default Values","type":"groupMarker"},{"path":"\/documentation\/fzworkoutkit\/workoutkitconfig\/bool(forkey:)","title":"class func bool(forKey: Setting) -> Bool","type":"method"},{"path":"\/documentation\/fzworkoutkit\/workoutkitconfig\/double(forkey:)","title":"class func double(forKey: Setting) -> Double","type":"method"},{"path":"\/documentation\/fzworkoutkit\/workoutkitconfig\/float(forkey:)","title":"class func float(forKey: Setting) -> Float","type":"method"},{"path":"\/documentation\/fzworkoutkit\/workoutkitconfig\/integer(forkey:)","title":"class func integer(forKey: Setting) -> Int","type":"method"},{"path":"\/documentation\/fzworkoutkit\/workoutkitconfig\/object(forkey:)","title":"class func object(forKey: Setting) -> Any?","type":"method"},{"path":"\/documentation\/fzworkoutkit\/workoutkitconfig\/string(forkey:)","title":"class func string(forKey: Setting) -> String?","type":"method"},{"title":"Setting Default Values","type":"groupMarker"},{"path":"\/documentation\/fzworkoutkit\/workoutkitconfig\/set(_:forkey:)-13kdm","title":"class func set(Any?, forKey: Setting)","type":"method"},{"path":"\/documentation\/fzworkoutkit\/workoutkitconfig\/set(_:forkey:)-3eei4","title":"class func set(Bool, forKey: Setting)","type":"method"},{"path":"\/documentation\/fzworkoutkit\/workoutkitconfig\/set(_:forkey:)-2kal7","title":"class func set(Int, forKey: Setting)","type":"method"},{"title":"Reseting Defaults","type":"groupMarker"},{"path":"\/documentation\/fzworkoutkit\/workoutkitconfig\/reset()","title":"class func reset()","type":"method"},{"title":"Type Methods","type":"groupMarker"},{"path":"\/documentation\/fzworkoutkit\/workoutkitconfig\/deviceid()","title":"static func deviceId() -> String","type":"method"},{"title":"Enumerations","type":"groupMarker"},{"children":[{"title":"Enumeration Cases","type":"groupMarker"},{"path":"\/documentation\/fzworkoutkit\/workoutkitconfig\/setting\/audiocoachadvices","title":"case audioCoachAdvices","type":"case"},{"path":"\/documentation\/fzworkoutkit\/workoutkitconfig\/setting\/audiocoachinstructions","title":"case audioCoachInstructions","type":"case"},{"path":"\/documentation\/fzworkoutkit\/workoutkitconfig\/setting\/audiocoachmotivation","title":"case audioCoachMotivation","type":"case"},{"path":"\/documentation\/fzworkoutkit\/workoutkitconfig\/setting\/audioduckothers","title":"case audioDuckOthers","type":"case"},{"path":"\/documentation\/fzworkoutkit\/workoutkitconfig\/setting\/externalsoundpack","title":"case externalSoundPack","type":"case"},{"path":"\/documentation\/fzworkoutkit\/workoutkitconfig\/setting\/musicstyleelectronica","title":"case musicStyleElectronica","type":"case"},{"path":"\/documentation\/fzworkoutkit\/workoutkitconfig\/setting\/musicstylehiphoprap","title":"case musicStyleHipHopRap","type":"case"},{"path":"\/documentation\/fzworkoutkit\/workoutkitconfig\/setting\/musicstylepop","title":"case musicStylePop","type":"case"},{"path":"\/documentation\/fzworkoutkit\/workoutkitconfig\/setting\/musicstylerock","title":"case musicStyleRock","type":"case"},{"path":"\/documentation\/fzworkoutkit\/workoutkitconfig\/setting\/subtitles","title":"case subtitles","type":"case"},{"path":"\/documentation\/fzworkoutkit\/workoutkitconfig\/setting\/vibrate","title":"case vibrate","type":"case"},{"path":"\/documentation\/fzworkoutkit\/workoutkitconfig\/setting\/voiceidentifier","title":"case voiceIdentifier","type":"case"},{"title":"Initializers","type":"groupMarker"},{"path":"\/documentation\/fzworkoutkit\/workoutkitconfig\/setting\/init(rawvalue:)","title":"init?(rawValue: NSInteger)","type":"init"},{"title":"Default Implementations","type":"groupMarker"},{"children":[{"title":"Operators","type":"groupMarker"},{"path":"\/documentation\/fzworkoutkit\/workoutkitconfig\/setting\/!=(_:_:)","title":"static func != (Self, Self) -> Bool","type":"op"}],"path":"\/documentation\/fzworkoutkit\/workoutkitconfig\/setting\/equatable-implementations","title":"Equatable Implementations","type":"symbol"},{"children":[{"title":"Instance Properties","type":"groupMarker"},{"path":"\/documentation\/fzworkoutkit\/workoutkitconfig\/setting\/hashvalue","title":"var hashValue: Int","type":"property"},{"title":"Instance Methods","type":"groupMarker"},{"path":"\/documentation\/fzworkoutkit\/workoutkitconfig\/setting\/hash(into:)","title":"func hash(into: inout Hasher)","type":"method"}],"path":"\/documentation\/fzworkoutkit\/workoutkitconfig\/setting\/rawrepresentable-implementations","title":"RawRepresentable Implementations","type":"symbol"}],"path":"\/documentation\/fzworkoutkit\/workoutkitconfig\/setting","title":"WorkoutKitConfig.Setting","type":"enum"}],"path":"\/documentation\/fzworkoutkit\/workoutkitconfig","title":"WorkoutKitConfig","type":"class"},{"title":"Protocols","type":"groupMarker"},{"children":[{"title":"Instance Methods","type":"groupMarker"},{"path":"\/documentation\/fzworkoutkit\/workoutkitinterface\/displaypostworkout()","title":"func displayPostWorkout() -> AnyPublisher<Void, Never>","type":"method"},{"path":"\/documentation\/fzworkoutkit\/workoutkitinterface\/quitworkout()","title":"func quitWorkout()","type":"method"},{"path":"\/documentation\/fzworkoutkit\/workoutkitinterface\/savesession(state:)","title":"func saveSession(state: SaveWorkoutState)","type":"method"}],"path":"\/documentation\/fzworkoutkit\/workoutkitinterface","title":"WorkoutKitInterface","type":"protocol"},{"children":[{"title":"Instance Methods","type":"groupMarker"},{"path":"\/documentation\/fzworkoutkit\/workoutkitloginterface\/log(_:context:)","title":"func log(String, context: [String : AnyHashable]?)","type":"method"},{"path":"\/documentation\/fzworkoutkit\/workoutkitloginterface\/trackevent(_:properties:)","title":"func trackEvent(Tracking.Event, properties: [Tracking.Property : String]?)","type":"method"}],"path":"\/documentation\/fzworkoutkit\/workoutkitloginterface","title":"WorkoutKitLogInterface","type":"protocol"},{"title":"Structures","type":"groupMarker"},{"children":[{"title":"Instance Properties","type":"groupMarker"},{"path":"\/documentation\/fzworkoutkit\/blockexercise\/efforttype","title":"let effortType: ExerciseType","type":"property"},{"path":"\/documentation\/fzworkoutkit\/blockexercise\/identifier","title":"let identifier: String","type":"property"},{"path":"\/documentation\/fzworkoutkit\/blockexercise\/value","title":"let value: Int","type":"property"},{"title":"Default Implementations","type":"groupMarker"},{"children":[{"title":"Operators","type":"groupMarker"},{"path":"\/documentation\/fzworkoutkit\/blockexercise\/!=(_:_:)","title":"static func != (Self, Self) -> Bool","type":"op"}],"path":"\/documentation\/fzworkoutkit\/blockexercise\/equatable-implementations","title":"Equatable Implementations","type":"symbol"}],"path":"\/documentation\/fzworkoutkit\/blockexercise","title":"BlockExercise","type":"struct"},{"children":[{"title":"Instance Properties","type":"groupMarker"},{"path":"\/documentation\/fzworkoutkit\/chronostate\/value","title":"var value: TimeInterval","type":"property"},{"title":"Default Implementations","type":"groupMarker"},{"children":[{"title":"Operators","type":"groupMarker"},{"path":"\/documentation\/fzworkoutkit\/chronostate\/!=(_:_:)","title":"static func != (Self, Self) -> Bool","type":"op"}],"path":"\/documentation\/fzworkoutkit\/chronostate\/equatable-implementations","title":"Equatable Implementations","type":"symbol"}],"path":"\/documentation\/fzworkoutkit\/chronostate","title":"ChronoState","type":"struct"},{"children":[{"title":"Initializers","type":"groupMarker"},{"path":"\/documentation\/fzworkoutkit\/saveworkoutstate\/init(from:)","title":"init(from: any Decoder) throws","type":"init"},{"title":"Instance Properties","type":"groupMarker"},{"path":"\/documentation\/fzworkoutkit\/saveworkoutstate\/blocks","title":"var blocks: [String : ChronoState]","type":"property"},{"path":"\/documentation\/fzworkoutkit\/saveworkoutstate\/calories","title":"var calories: [String : Double]","type":"property"},{"path":"\/documentation\/fzworkoutkit\/saveworkoutstate\/difficultychanges","title":"var difficultyChanges: [String : String]","type":"property"},{"path":"\/documentation\/fzworkoutkit\/saveworkoutstate\/duration","title":"var duration: TimeInterval","type":"property"},{"path":"\/documentation\/fzworkoutkit\/saveworkoutstate\/exercises","title":"var exercises: [String : [BlockExercise]]","type":"property"},{"path":"\/documentation\/fzworkoutkit\/saveworkoutstate\/filteredblocks","title":"var filteredBlocks: [String : ChronoState]","type":"property"},{"path":"\/documentation\/fzworkoutkit\/saveworkoutstate\/names","title":"var names: [String : String]","type":"property"},{"path":"\/documentation\/fzworkoutkit\/saveworkoutstate\/startdate","title":"var startDate: TimeInterval","type":"property"},{"path":"\/documentation\/fzworkoutkit\/saveworkoutstate\/weightdifficulties","title":"var weightDifficulties: [String : [Int]]","type":"property"},{"title":"Default Implementations","type":"groupMarker"},{"children":[{"title":"Operators","type":"groupMarker"},{"path":"\/documentation\/fzworkoutkit\/saveworkoutstate\/!=(_:_:)","title":"static func != (Self, Self) -> Bool","type":"op"}],"path":"\/documentation\/fzworkoutkit\/saveworkoutstate\/equatable-implementations","title":"Equatable Implementations","type":"symbol"}],"path":"\/documentation\/fzworkoutkit\/saveworkoutstate","title":"SaveWorkoutState","type":"struct"},{"title":"Enumerations","type":"groupMarker"},{"children":[{"title":"Enumeration Cases","type":"groupMarker"},{"path":"\/documentation\/fzworkoutkit\/calibrationtype\/end","title":"case end","type":"case"},{"path":"\/documentation\/fzworkoutkit\/calibrationtype\/start","title":"case start","type":"case"},{"title":"Initializers","type":"groupMarker"},{"path":"\/documentation\/fzworkoutkit\/calibrationtype\/init(rawvalue:)","title":"init?(rawValue: String)","type":"init"},{"title":"Default Implementations","type":"groupMarker"},{"children":[{"title":"Operators","type":"groupMarker"},{"path":"\/documentation\/fzworkoutkit\/calibrationtype\/!=(_:_:)","title":"static func != (Self, Self) -> Bool","type":"op"}],"path":"\/documentation\/fzworkoutkit\/calibrationtype\/equatable-implementations","title":"Equatable Implementations","type":"symbol"},{"children":[{"title":"Initializers","type":"groupMarker"},{"path":"\/documentation\/fzworkoutkit\/calibrationtype\/init(from:)","title":"init(from: any Decoder) throws","type":"init"},{"title":"Instance Properties","type":"groupMarker"},{"path":"\/documentation\/fzworkoutkit\/calibrationtype\/hashvalue","title":"var hashValue: Int","type":"property"},{"title":"Instance Methods","type":"groupMarker"},{"path":"\/documentation\/fzworkoutkit\/calibrationtype\/encode(to:)","title":"func encode(to: any Encoder) throws","type":"method"},{"path":"\/documentation\/fzworkoutkit\/calibrationtype\/hash(into:)","title":"func hash(into: inout Hasher)","type":"method"}],"path":"\/documentation\/fzworkoutkit\/calibrationtype\/rawrepresentable-implementations","title":"RawRepresentable Implementations","type":"symbol"}],"path":"\/documentation\/fzworkoutkit\/calibrationtype","title":"CalibrationType","type":"enum"},{"children":[{"title":"Enumeration Cases","type":"groupMarker"},{"path":"\/documentation\/fzworkoutkit\/exercisetype\/calibration(_:)","title":"case calibration(CalibrationType)","type":"case"},{"path":"\/documentation\/fzworkoutkit\/exercisetype\/duration","title":"case duration","type":"case"},{"path":"\/documentation\/fzworkoutkit\/exercisetype\/repetition","title":"case repetition","type":"case"},{"title":"Initializers","type":"groupMarker"},{"path":"\/documentation\/fzworkoutkit\/exercisetype\/init(rawvalue:)","title":"init?(rawValue: String)","type":"init"},{"title":"Instance Properties","type":"groupMarker"},{"path":"\/documentation\/fzworkoutkit\/exercisetype\/rawvalue-swift.property","title":"var rawValue: String","type":"property"},{"title":"Type Aliases","type":"groupMarker"},{"path":"\/documentation\/fzworkoutkit\/exercisetype\/rawvalue-swift.typealias","title":"ExerciseType.RawValue","type":"typealias"},{"title":"Default Implementations","type":"groupMarker"},{"children":[{"title":"Initializers","type":"groupMarker"},{"path":"\/documentation\/fzworkoutkit\/exercisetype\/init(from:)-99mpf","title":"init(from: Decoder) throws","type":"init"}],"path":"\/documentation\/fzworkoutkit\/exercisetype\/decodable-implementations","title":"Decodable Implementations","type":"symbol"},{"children":[{"title":"Instance Methods","type":"groupMarker"},{"path":"\/documentation\/fzworkoutkit\/exercisetype\/encode(to:)","title":"func encode(to: Encoder) throws","type":"method"}],"path":"\/documentation\/fzworkoutkit\/exercisetype\/encodable-implementations","title":"Encodable Implementations","type":"symbol"},{"children":[{"title":"Operators","type":"groupMarker"},{"path":"\/documentation\/fzworkoutkit\/exercisetype\/!=(_:_:)","title":"static func != (Self, Self) -> Bool","type":"op"}],"path":"\/documentation\/fzworkoutkit\/exercisetype\/equatable-implementations","title":"Equatable Implementations","type":"symbol"},{"children":[{"title":"Initializers","type":"groupMarker"},{"path":"\/documentation\/fzworkoutkit\/exercisetype\/init(from:)-9apct","title":"init(from: any Decoder) throws","type":"init"}],"path":"\/documentation\/fzworkoutkit\/exercisetype\/rawrepresentable-implementations","title":"RawRepresentable Implementations","type":"symbol"}],"path":"\/documentation\/fzworkoutkit\/exercisetype","title":"ExerciseType","type":"enum"},{"children":[{"title":"Enumerations","type":"groupMarker"},{"children":[{"title":"Enumeration Cases","type":"groupMarker"},{"path":"\/documentation\/fzworkoutkit\/tracking\/event\/exercisedetaildisplayed","title":"case exerciseDetailDisplayed","type":"case"},{"path":"\/documentation\/fzworkoutkit\/tracking\/event\/exerciselistdisplayed","title":"case exerciseListDisplayed","type":"case"},{"path":"\/documentation\/fzworkoutkit\/tracking\/event\/googlecastactivated","title":"case googleCastActivated","type":"case"},{"path":"\/documentation\/fzworkoutkit\/tracking\/event\/googlecastdeactivated","title":"case googleCastDeactivated","type":"case"},{"path":"\/documentation\/fzworkoutkit\/tracking\/event\/launched","title":"case launched","type":"case"},{"path":"\/documentation\/fzworkoutkit\/tracking\/event\/next","title":"case next","type":"case"},{"path":"\/documentation\/fzworkoutkit\/tracking\/event\/promptanswered","title":"case promptAnswered","type":"case"},{"path":"\/documentation\/fzworkoutkit\/tracking\/event\/promptdisplayed","title":"case promptDisplayed","type":"case"},{"path":"\/documentation\/fzworkoutkit\/tracking\/event\/quit","title":"case quit","type":"case"},{"path":"\/documentation\/fzworkoutkit\/tracking\/event\/sectiondisplayed","title":"case sectionDisplayed","type":"case"},{"path":"\/documentation\/fzworkoutkit\/tracking\/event\/sectionskipped","title":"case sectionSkipped","type":"case"},{"path":"\/documentation\/fzworkoutkit\/tracking\/event\/sectionstarted","title":"case sectionStarted","type":"case"},{"path":"\/documentation\/fzworkoutkit\/tracking\/event\/started","title":"case started","type":"case"},{"title":"Initializers","type":"groupMarker"},{"path":"\/documentation\/fzworkoutkit\/tracking\/event\/init(rawvalue:)","title":"init?(rawValue: String)","type":"init"},{"title":"Instance Properties","type":"groupMarker"},{"path":"\/documentation\/fzworkoutkit\/tracking\/event\/description","title":"var description: String","type":"property"},{"title":"Default Implementations","type":"groupMarker"},{"children":[{"title":"Operators","type":"groupMarker"},{"path":"\/documentation\/fzworkoutkit\/tracking\/event\/!=(_:_:)","title":"static func != (Self, Self) -> Bool","type":"op"}],"path":"\/documentation\/fzworkoutkit\/tracking\/event\/equatable-implementations","title":"Equatable Implementations","type":"symbol"},{"children":[{"title":"Instance Properties","type":"groupMarker"},{"path":"\/documentation\/fzworkoutkit\/tracking\/event\/hashvalue","title":"var hashValue: Int","type":"property"},{"title":"Instance Methods","type":"groupMarker"},{"path":"\/documentation\/fzworkoutkit\/tracking\/event\/hash(into:)","title":"func hash(into: inout Hasher)","type":"method"}],"path":"\/documentation\/fzworkoutkit\/tracking\/event\/rawrepresentable-implementations","title":"RawRepresentable Implementations","type":"symbol"}],"path":"\/documentation\/fzworkoutkit\/tracking\/event","title":"Tracking.Event","type":"enum"},{"children":[{"title":"Enumeration Cases","type":"groupMarker"},{"path":"\/documentation\/fzworkoutkit\/tracking\/property\/exerciseid","title":"case exerciseId","type":"case"},{"path":"\/documentation\/fzworkoutkit\/tracking\/property\/exercisename","title":"case exerciseName","type":"case"},{"path":"\/documentation\/fzworkoutkit\/tracking\/property\/musictypes","title":"case musicTypes","type":"case"},{"path":"\/documentation\/fzworkoutkit\/tracking\/property\/nextaction","title":"case nextAction","type":"case"},{"path":"\/documentation\/fzworkoutkit\/tracking\/property\/promptansweridextra","title":"case promptAnswerIdExtra","type":"case"},{"path":"\/documentation\/fzworkoutkit\/tracking\/property\/promptansweridmax","title":"case promptAnswerIdMax","type":"case"},{"path":"\/documentation\/fzworkoutkit\/tracking\/property\/promptansweridquartile","title":"case promptAnswerIdQuartile","type":"case"},{"path":"\/documentation\/fzworkoutkit\/tracking\/property\/promptansweridrecolist","title":"case promptAnswerIdRecoList","type":"case"},{"path":"\/documentation\/fzworkoutkit\/tracking\/property\/promptansweridsection","title":"case promptAnswerIdSection","type":"case"},{"path":"\/documentation\/fzworkoutkit\/tracking\/property\/promptansweridweight","title":"case promptAnswerIdWeight","type":"case"},{"path":"\/documentation\/fzworkoutkit\/tracking\/property\/prompttype","title":"case promptType","type":"case"},{"path":"\/documentation\/fzworkoutkit\/tracking\/property\/quitreason","title":"case quitReason","type":"case"},{"path":"\/documentation\/fzworkoutkit\/tracking\/property\/restsection","title":"case restSection","type":"case"},{"path":"\/documentation\/fzworkoutkit\/tracking\/property\/sectionblockid","title":"case sectionBlockId","type":"case"},{"path":"\/documentation\/fzworkoutkit\/tracking\/property\/sectionname","title":"case sectionName","type":"case"},{"path":"\/documentation\/fzworkoutkit\/tracking\/property\/sectiontype","title":"case sectionType","type":"case"},{"path":"\/documentation\/fzworkoutkit\/tracking\/property\/startaction","title":"case startAction","type":"case"},{"title":"Initializers","type":"groupMarker"},{"path":"\/documentation\/fzworkoutkit\/tracking\/property\/init(rawvalue:)","title":"init?(rawValue: String)","type":"init"},{"title":"Instance Properties","type":"groupMarker"},{"path":"\/documentation\/fzworkoutkit\/tracking\/property\/description","title":"var description: String","type":"property"},{"title":"Default Implementations","type":"groupMarker"},{"children":[{"title":"Operators","type":"groupMarker"},{"path":"\/documentation\/fzworkoutkit\/tracking\/property\/!=(_:_:)","title":"static func != (Self, Self) -> Bool","type":"op"}],"path":"\/documentation\/fzworkoutkit\/tracking\/property\/equatable-implementations","title":"Equatable Implementations","type":"symbol"},{"children":[{"title":"Instance Properties","type":"groupMarker"},{"path":"\/documentation\/fzworkoutkit\/tracking\/property\/hashvalue","title":"var hashValue: Int","type":"property"},{"title":"Instance Methods","type":"groupMarker"},{"path":"\/documentation\/fzworkoutkit\/tracking\/property\/hash(into:)","title":"func hash(into: inout Hasher)","type":"method"}],"path":"\/documentation\/fzworkoutkit\/tracking\/property\/rawrepresentable-implementations","title":"RawRepresentable Implementations","type":"symbol"}],"path":"\/documentation\/fzworkoutkit\/tracking\/property","title":"Tracking.Property","type":"enum"}],"path":"\/documentation\/fzworkoutkit\/tracking","title":"Tracking","type":"enum"},{"title":"Extended Modules","type":"groupMarker"},{"children":[{"title":"Extended Structures","type":"groupMarker"},{"children":[{"title":"Instance Methods","type":"groupMarker"},{"path":"\/documentation\/fzworkoutkit\/swift\/double\/formattedduration(_:)","title":"func formattedDuration(NSCalendar.Unit) -> String","type":"method"},{"path":"\/documentation\/fzworkoutkit\/swift\/double\/formattedduration(_:attributes:unitattributes:)","title":"func formattedDuration(NSCalendar.Unit, attributes: [NSAttributedString.Key : Any]?, unitAttributes: [NSAttributedString.Key : Any]?) -> NSAttributedString","type":"method"}],"path":"\/documentation\/fzworkoutkit\/swift\/double","title":"Double","type":"extension"},{"children":[{"title":"Instance Methods","type":"groupMarker"},{"path":"\/documentation\/fzworkoutkit\/swift\/int\/formattedduration(_:)","title":"func formattedDuration(NSCalendar.Unit) -> String","type":"method"}],"path":"\/documentation\/fzworkoutkit\/swift\/int","title":"Int","type":"extension"}],"path":"\/documentation\/fzworkoutkit\/swift","title":"Swift","type":"extension"}],"path":"\/documentation\/fzworkoutkit","title":"FZWorkoutKit","type":"module"},{"children":[{"title":"Launching a workout","type":"groupMarker"},{"path":"\/tutorials\/fzworkoutkit\/01-launch-overview","title":"Core concepts","type":"article"},{"path":"\/tutorials\/fzworkoutkit\/01-regular-launch","title":"Classic workout","type":"project"},{"path":"\/tutorials\/fzworkoutkit\/01-play-launch","title":"Streaming workout","type":"project"},{"title":"Receiving workout data","type":"groupMarker"},{"path":"\/tutorials\/fzworkoutkit\/02-read","title":"Detailed session data","type":"project"},{"title":"Displaying post-workout screens","type":"groupMarker"},{"path":"\/tutorials\/fzworkoutkit\/03-display-post","title":"Performing post-workout actions","type":"project"},{"title":"Customizing workout experience","type":"groupMarker"},{"path":"\/tutorials\/fzworkoutkit\/04-basic","title":"Basic configuration","type":"article"},{"path":"\/tutorials\/fzworkoutkit\/04-advanced","title":"Advanced customization","type":"article"},{"title":"FizzUp Business API Backend","type":"groupMarker"},{"path":"\/tutorials\/fzworkoutkit\/05-auth","title":"Authentication and verification mechanisms","type":"article"}],"path":"\/tutorials\/tutorial-table-of-contents","title":"Meet WorkoutKit SDK","type":"overview"}]},"schemaVersion":{"major":0,"minor":1,"patch":2}}